urg,bairro,codigo_logradouro,faixa_area,area_min,area_max,valor_ufinig_m2
CENTRO,Centro,00327-90,AT É 500 M²,0.0,500.0,3.347
CENTRO,Centro,00327-90,"DE 500,01 M² ATÉ 1.500 M²",0.0,500.01,2.845
CENTRO,Centro,00327-90,"DE 1.500,01 M² ATÉ 5.000 M²",0.0,1500.01,2.276
CENTRO,Centro,00327-90,"DE 5000,01 M² ATÉ 20.000 M²",0.0,5000.01,1.821
CENTRO,Centro,00327-90,"DE 20.000,01 M² ATÉ 50.000 M²",0.0,20000.01,1.274
CENTRO,Centro,00327-90,"DE 50.000,01 M² ATÉ 100.000 M²",0.0,50000.01,0.765
CENTRO,Centro,00327-90,"DE 100.000,0 1 M² ATÉ 500.000 M²",0.0,100000.0,0.612
CENTRO,Centro,00327-90,"DE 500.000,0 1 M² ATÉ 1.000.000 M²",0.0,500000.0,0.551
CENTRO,Centro,00327-90,"ACIMA DE 1.000. 000,01 M²",1000.0,,0.495
CENTRO,Califórnia,00327-91,AT É 500 M²,0.0,500.0,3.347
CENTRO,Califórnia,00327-91,"DE 500,01 M² ATÉ 1.500 M²",0.0,500.01,2.845
CENTRO,Califórnia,00327-91,"DE 1.500,01 M² ATÉ 5.000 M²",0.0,1500.01,2.276
CENTRO,Califórnia,00327-91,"DE 5000,01 M² ATÉ 20.000 M²",0.0,5000.01,1.821
CENTRO,Califórnia,00327-91,"DE 20.000,01 M² ATÉ 50.000 M²",0.0,20000.01,1.274
CENTRO,Califórnia,00327-91,"DE 50.000,01 M² ATÉ 100.000 M²",0.0,50000.01,0.765
CENTRO,Califórnia,00327-91,"DE 100.000,0 1 M² ATÉ 500.000 M²",0.0,100000.0,0.612
CENTRO,Califórnia,00327-91,"DE 500.000,0 1 M² ATÉ 1.000.000 M²",0.0,500000.0,0.551
CENTRO,Califórnia,00327-91,"ACIMA DE 1.000. 000,01 M²",1000.0,,0.495
CENTRO,Rancho Novo,00327-92,AT É 500 M²,0.0,500.0,3.347
CENTRO,Rancho Novo,00327-92,"DE 500,01 M² ATÉ 1.500 M²",0.0,500.01,2.845
CENTRO,Rancho Novo,00327-92,"DE 1.500,01 M² ATÉ 5.000 M²",0.0,1500.01,2.276
CENTRO,Rancho Novo,00327-92,"DE 5000,01 M² ATÉ 20.000 M²",0.0,5000.01,1.821
CENTRO,Rancho Novo,00327-92,"DE 20.000,01 M² ATÉ 50.000 M²",0.0,20000.01,1.274
CENTRO,Rancho Novo,00327-92,"DE 50.000,01 M² ATÉ 100.000 M²",0.0,50000.01,0.765
CENTRO,Rancho Novo,00327-92,"DE 100.000,0 1 M² ATÉ 500.000 M²",0.0,100000.0,0.612
CENTRO,Rancho Novo,00327-92,"DE 500.000,0 1 M² ATÉ 1.000.000 M²",0.0,500000.0,0.551
CENTRO,Rancho Novo,00327-92,"ACIMA DE 1.000. 000,01 M²",1000.0,,0.495
CENTRO,Vila Nova,00327-93,AT É 500 M²,0.0,500.0,3.347
CENTRO,Vila Nova,00327-93,"DE 500,01 M² ATÉ 1.500 M²",0.0,500.01,2.845
CENTRO,Vila Nova,00327-93,"DE 1.500,01 M² ATÉ 5.000 M²",0.0,1500.01,2.276
CENTRO,Vila Nova,00327-93,"DE 5000,01 M² ATÉ 20.000 M²",0.0,5000.01,1.821
CENTRO,Vila Nova,00327-93,"DE 20.000,01 M² ATÉ 50.000 M²",0.0,20000.01,1.274
CENTRO,Vila Nova,00327-93,"DE 50.000,01 M² ATÉ 100.000 M²",0.0,50000.01,0.765
CENTRO,Vila Nova,00327-93,"DE 100.000,0 1 M² ATÉ 500.000 M²",0.0,100000.0,0.612
CENTRO,Vila Nova,00327-93,"DE 500.000,0 1 M² ATÉ 1.000.000 M²",0.0,500000.0,0.551
CENTRO,Vila Nova,00327-93,"ACIMA DE 1.000. 000,01 M²",1000.0,,0.495
CENTRO,Moquetá,00327-94,AT É 500 M²,0.0,500.0,3.347
CENTRO,Moquetá,00327-94,"DE 500,01 M² ATÉ 1.500 M²",0.0,500.01,2.845
CENTRO,Moquetá,00327-94,"DE 1.500,01 M² ATÉ 5.000 M²",0.0,1500.01,2.276
CENTRO,Moquetá,00327-94,"DE 5000,01 M² ATÉ 20.000 M²",0.0,5000.01,1.821
CENTRO,Moquetá,00327-94,"DE 20.000,01 M² ATÉ 50.000 M²",0.0,20000.01,1.274
CENTRO,Moquetá,00327-94,"DE 50.000,01 M² ATÉ 100.000 M²",0.0,50000.01,0.765
CENTRO,Moquetá,00327-94,"DE 100.000,0 1 M² ATÉ 500.000 M²",0.0,100000.0,0.612
CENTRO,Moquetá,00327-94,"DE 500.000,0 1 M² ATÉ 1.000.000 M²",0.0,500000.0,0.551
CENTRO,Moquetá,00327-94,"ACIMA DE 1.000. 000,01 M²",1000.0,,0.495
CENTRO,Jardim Tropical,00327-95,AT É 500 M²,0.0,500.0,3.347
CENTRO,Jardim Tropical,00327-95,"DE 500,01 M² ATÉ 1.500 M²",0.0,500.01,2.845
CENTRO,Jardim Tropical,00327-95,"DE 1.500,01 M² ATÉ 5.000 M²",0.0,1500.01,2.276
CENTRO,Jardim Tropical,00327-95,"DE 5000,01 M² ATÉ 20.000 M²",0.0,5000.01,1.821
CENTRO,Jardim Tropical,00327-95,"DE 20.000,01 M² ATÉ 50.000 M²",0.0,20000.01,1.274
CENTRO,Jardim Tropical,00327-95,"DE 50.000,01 M² ATÉ 100.000 M²",0.0,50000.01,0.765
CENTRO,Jardim Tropical,00327-95,"DE 100.000,0 1 M² ATÉ 500.000 M²",0.0,100000.0,0.612
CENTRO,Jardim Tropical,00327-95,"DE 500.000,0 1 M² ATÉ 1.000.000 M²",0.0,500000.0,0.551
CENTRO,Jardim Tropical,00327-95,"ACIMA DE 1.000. 000,01 M²",1000.0,,0.495
CENTRO,Prata,00327-96,AT É 500 M²,0.0,500.0,3.347
CENTRO,Prata,00327-96,"DE 500,01 M² ATÉ 1.500 M²",0.0,500.01,2.845
CENTRO,Prata,00327-96,"DE 1.500,01 M² ATÉ 5.000 M²",0.0,1500.01,2.276
CENTRO,Prata,00327-96,"DE 5000,01 M² ATÉ 20.000 M²",0.0,5000.01,1.821
CENTRO,Prata,00327-96,"DE 20.000,01 M² ATÉ 50.000 M²",0.0,20000.01,1.274
CENTRO,Prata,00327-96,"DE 50.000,01 M² ATÉ 100.000 M²",0.0,50000.01,0.765
CENTRO,Prata,00327-96,"DE 100.000,0 1 M² ATÉ 500.000 M²",0.0,100000.0,0.612
CENTRO,Prata,00327-96,"DE 500.000,0 1 M² ATÉ 1.000.000 M²",0.0,500000.0,0.551
CENTRO,Prata,00327-96,"ACIMA DE 1.000. 000,01 M²",1000.0,,0.495
CENTRO,Jardim Iguaçu,00327-97,AT É 500 M²,0.0,500.0,2.008
CENTRO,Jardim Iguaçu,00327-97,"DE 500,01 M² ATÉ 1.500 M²",0.0,500.01,1.707
CENTRO,Jardim Iguaçu,00327-97,"DE 1.500,01 M² ATÉ 5.000 M²",0.0,1500.01,1.365
CENTRO,Jardim Iguaçu,00327-97,"DE 5000,01 M² ATÉ 20.000 M²",0.0,5000.01,1.024
CENTRO,Jardim Iguaçu,00327-97,"DE 20.000,01 M² ATÉ 50.000 M²",0.0,20000.01,0.717
CENTRO,Jardim Iguaçu,00327-97,"DE 50.000,01 M² ATÉ 100.000 M²",0.0,50000.01,0.43
CENTRO,Jardim Iguaçu,00327-97,"DE 100.000,0 1 M² ATÉ 500.000 M²",0.0,100000.0,0.344
CENTRO,Jardim Iguaçu,00327-97,"DE 500.000,0 1 M² ATÉ 1.000.000 M²",0.0,500000.0,0.31
CENTRO,Jardim Iguaçu,00327-97,"ACIMA DE 1.000. 000,01 M²",1000.0,,0.279
POSSE,Posse,00327-80,AT É 500 M²,0.0,500.0,2.008
POSSE,Posse,00327-80,"DE 500,01 M² ATÉ 1.500 M²",0.0,500.01,1.707
POSSE,Posse,00327-80,"DE 1.500,01 M² ATÉ 5.000 M²",0.0,1500.01,1.365
POSSE,Posse,00327-80,"DE 5000,01 M² ATÉ 20.000 M²",0.0,5000.01,1.024
POSSE,Posse,00327-80,"DE 20.000,01 M² ATÉ 50.000 M²",0.0,20000.01,0.717
POSSE,Posse,00327-80,"DE 50.000,01 M² ATÉ 100.000 M²",0.0,50000.01,0.43
POSSE,Posse,00327-80,"DE 100.000,0 1 M² ATÉ 500.000 M²",0.0,100000.0,0.344
POSSE,Posse,00327-80,"DE 500.000,0 1 M² ATÉ 1.000.000 M²",0.0,500000.0,0.31
POSSE,Posse,00327-80,"ACIMA DE 1.000. 000,01 M²",1000.0,,0.279
POSSE,Cerâmica,00327-81,AT É 500 M²,0.0,500.0,2.008
POSSE,Cerâmica,00327-81,"DE 500,01 M² ATÉ 1.500 M²",0.0,500.01,1.707
POSSE,Cerâmica,00327-81,"DE 1.500,01 M² ATÉ 5.000 M²",0.0,1500.01,1.365
POSSE,Cerâmica,00327-81,"DE 5000,01 M² ATÉ 20.000 M²",0.0,5000.01,1.024
POSSE,Cerâmica,00327-81,"DE 20.000,01 M² ATÉ 50.000 M²",0.0,20000.01,0.717
POSSE,Cerâmica,00327-81,"DE 50.000,01 M² ATÉ 100.000 M²",0.0,50000.01,0.43
POSSE,Cerâmica,00327-81,"DE 100.000,0 1 M² ATÉ 500.000 M²",0.0,100000.0,0.344
POSSE,Cerâmica,00327-81,"DE 500.000,0 1 M² ATÉ 1.000.000 M²",0.0,500000.0,0.31
POSSE,Cerâmica,00327-81,"ACIMA DE 1.000. 000,01 M²",1000.0,,0.279
POSSE,Kenned y / Caioaba,00327-82,AT É 500 M²,0.0,500.0,2.008
POSSE,Kenned y / Caioaba,00327-82,"DE 500,01 M² ATÉ 1.500 M²",0.0,500.01,1.707
POSSE,Kenned y / Caioaba,00327-82,"DE 1.500,01 M² ATÉ 5.000 M²",0.0,1500.01,1.365
POSSE,Kenned y / Caioaba,00327-82,"DE 5000,01 M² ATÉ 20.000 M²",0.0,5000.01,1.024
POSSE,Kenned y / Caioaba,00327-82,"DE 20.000,01 M² ATÉ 50.000 M²",0.0,20000.01,0.717
POSSE,Kenned y / Caioaba,00327-82,"DE 50.000,01 M² ATÉ 100.000 M²",0.0,50000.01,0.43
POSSE,Kenned y / Caioaba,00327-82,"DE 100.000,0 1 M² ATÉ 500.000 M²",0.0,100000.0,0.344
POSSE,Kenned y / Caioaba,00327-82,"DE 500.000,0 1 M² ATÉ 1.000.000 M²",0.0,500000.0,0.31
POSSE,Kenned y / Caioaba,00327-82,"ACIMA DE 1.000. 000,01 M²",1000.0,,0.279
COMEND ADOR SOARES,ComendadorSoares,00327-83,AT É 500 M²,0.0,500.0,2.008
COMEND ADOR SOARES,ComendadorSoares,00327-83,"DE 500,01 M² ATÉ 1.500 M²",0.0,500.01,1.707
COMEND ADOR SOARES,ComendadorSoares,00327-83,"DE 1.500,01 M² ATÉ 5.000 M²",0.0,1500.01,1.365
COMEND ADOR SOARES,ComendadorSoares,00327-83,"DE 5000,01 M² ATÉ 20.000 M²",0.0,5000.01,1.024
COMEND ADOR SOARES,ComendadorSoares,00327-83,"DE 20.000,01 M² ATÉ 50.000 M²",0.0,20000.01,0.717
COMEND ADOR SOARES,ComendadorSoares,00327-83,"DE 50.000,01 M² ATÉ 100.000 M²",0.0,50000.01,0.43
COMEND ADOR SOARES,ComendadorSoares,00327-83,"DE 100.000,0 1 M² ATÉ 500.000 M²",0.0,100000.0,0.344
COMEND ADOR SOARES,ComendadorSoares,00327-83,"DE 500.000,0 1 M² ATÉ 1.000.000 M²",0.0,500000.0,0.31
COMEND ADOR SOARES,ComendadorSoares,00327-83,"ACIMA DE 1.000. 000,01 M²",1000.0,,0.279
COMEND ADOR SOARES,Rosa dos Ventos,00327-84,AT É 500 M²,0.0,500.0,0.837
COMEND ADOR SOARES,Rosa dos Ventos,00327-84,"DE 500,01 M² ATÉ 1.500 M²",0.0,500.01,0.669
COMEND ADOR SOARES,Rosa dos Ventos,00327-84,"DE 1.500,01 M² ATÉ 5.000 M²",0.0,1500.01,0.535
COMEND ADOR SOARES,Rosa dos Ventos,00327-84,"DE 5000,01 M² ATÉ 20.000 M²",0.0,5000.01,0.241
COMEND ADOR SOARES,Rosa dos Ventos,00327-84,"DE 20.000,01 M² ATÉ 50.000 M²",0.0,20000.01,0.108
COMEND ADOR SOARES,Rosa dos Ventos,00327-84,"DE 50.000,01 M² ATÉ 100.000 M²",0.0,50000.01,0.076
COMEND ADOR SOARES,Rosa dos Ventos,00327-84,"DE 100.000,0 1 M² ATÉ 500.000 M²",0.0,100000.0,0.061
COMEND ADOR SOARES,Rosa dos Ventos,00327-84,"DE 500.000,0 1 M² ATÉ 1.000.000 M²",0.0,500000.0,0.055
COMEND ADOR SOARES,Rosa dos Ventos,00327-84,"ACIMA DE 1.000. 000,01 M²",1000.0,,0.049
AUSTIN,Riachão,00327-85,AT É 500 M²,0.0,500.0,0.837
AUSTIN,Riachão,00327-85,"DE 500,01 M² ATÉ 1.500 M²",0.0,500.01,0.669
AUSTIN,Riachão,00327-85,"DE 1.500,01 M² ATÉ 5.000 M²",0.0,1500.01,0.535
AUSTIN,Riachão,00327-85,"DE 5000,01 M² ATÉ 20.000 M²",0.0,5000.01,0.241
AUSTIN,Riachão,00327-85,"DE 20.000,01 M² ATÉ 50.000 M²",0.0,20000.01,0.108
AUSTIN,Riachão,00327-85,"DE 50.000,01 M² ATÉ 100.000 M²",0.0,50000.01,0.076
AUSTIN,Riachão,00327-85,"DE 100.000,0 1 M² ATÉ 500.000 M²",0.0,100000.0,0.061
AUSTIN,Riachão,00327-85,"DE 500.000,0 1 M² ATÉ 1.000.000 M²",0.0,500000.0,0.055
AUSTIN,Riachão,00327-85,"ACIMA DE 1.000. 000,01 M²",1000.0,,0.049
AUSTIN,Cacuia,00327-86,AT É 500 M²,0.0,500.0,0.837
AUSTIN,Cacuia,00327-86,"DE 500,01 M² ATÉ 1.500 M²",0.0,500.01,0.669
AUSTIN,Cacuia,00327-86,"DE 1.500,01 M² ATÉ 5.000 M²",0.0,1500.01,0.535
AUSTIN,Cacuia,00327-86,"DE 5000,01 M² ATÉ 20.000 M²",0.0,5000.01,0.241
AUSTIN,Cacuia,00327-86,"DE 20.000,01 M² ATÉ 50.000 M²",0.0,20000.01,0.108
AUSTIN,Cacuia,00327-86,"DE 50.000,01 M² ATÉ 100.000 M²",0.0,50000.01,0.076
AUSTIN,Cacuia,00327-86,"DE 100.000,0 1 M² ATÉ 500.000 M²",0.0,100000.0,0.061
AUSTIN,Cacuia,00327-86,"DE 500.000,0 1 M² ATÉ 1.000.000 M²",0.0,500000.0,0.055
AUSTIN,Cacuia,00327-86,"ACIMA DE 1.000. 000,01 M²",1000.0,,0.049
AUSTIN,Rodilândia,00327-87,AT É 500 M²,0.0,500.0,0.837
AUSTIN,Rodilândia,00327-87,"DE 500,01 M² ATÉ 1.500 M²",0.0,500.01,0.669
AUSTIN,Rodilândia,00327-87,"DE 1.500,01 M² ATÉ 5.000 M²",0.0,1500.01,0.535
AUSTIN,Rodilândia,00327-87,"DE 5000,01 M² ATÉ 20.000 M²",0.0,5000.01,0.241
AUSTIN,Rodilândia,00327-87,"DE 20.000,01 M² ATÉ 50.000 M²",0.0,20000.01,0.108
AUSTIN,Rodilândia,00327-87,"DE 50.000,01 M² ATÉ 100.000 M²",0.0,50000.01,0.076
AUSTIN,Rodilândia,00327-87,"DE 100.000,0 1 M² ATÉ 500.000 M²",0.0,100000.0,0.061
AUSTIN,Rodilândia,00327-87,"DE 500.000,0 1 M² ATÉ 1.000.000 M²",0.0,500000.0,0.055
AUSTIN,Rodilândia,00327-87,"ACIMA DE 1.000. 000,01 M²",1000.0,,0.049
AUSTIN,Inconfidência,00327-88,AT É 500 M²,0.0,500.0,0.837
AUSTIN,Inconfidência,00327-88,"DE 500,01 M² ATÉ 1.500 M²",0.0,500.01,0.669
AUSTIN,Inconfidência,00327-88,"DE 1.500,01 M² ATÉ 5.000 M²",0.0,1500.01,0.535
AUSTIN,Inconfidência,00327-88,"DE 5000,01 M² ATÉ 20.000 M²",0.0,5000.01,0.241
AUSTIN,Inconfidência,00327-88,"DE 20.000,01 M² ATÉ 50.000 M²",0.0,20000.01,0.108
AUSTIN,Inconfidência,00327-88,"DE 50.000,01 M² ATÉ 100.000 M²",0.0,50000.01,0.076
AUSTIN,Inconfidência,00327-88,"DE 100.000,0 1 M² ATÉ 500.000 M²",0.0,100000.0,0.061
AUSTIN,Inconfidência,00327-88,"DE 500.000,0 1 M² ATÉ 1.000.000 M²",0.0,500000.0,0.055
AUSTIN,Inconfidência,00327-88,"ACIMA DE 1.000. 000,01 M²",1000.0,,0.049
