urg,bairro,zona_fiscal,ivci_loja_terrea,cube_loja_terrea,ivci_pav_superior,cube_pav_superior,cube_uso_comum,ivci_galpao,cube_galpao,ivci_telheiro,cube_telheiro,cube_estacionamento
TINGUÁ,TINGUÁ,1,0.264,5.162,0.24,4.693,2.816,0.264,2.119,0.264,1.059,1.877
TINGUÁ,TINGUÁ,2,0.198,3.872,0.18,3.52,2.112,0.198,1.589,0.198,0.794,1.408
TINGUÁ,TINGUÁ,3,0.165,3.227,0.15,2.933,1.76,0.165,1.325,0.165,0.662,1.173
TINGUÁ,ADRIANÓPOLIS,1,0.231,4.517,0.21,4.106,2.464,0.231,1.854,0.231,0.927,1.642
TINGUÁ,ADRIANÓPOLIS,2,0.198,3.872,0.18,3.52,2.112,0.198,1.589,0.198,0.794,1.408
TINGUÁ,ADRIANÓPOLIS,3,0.165,3.227,0.15,2.933,1.76,0.165,1.325,0.165,0.662,1.173
TINGUÁ,RIO D'OURO,1,0.165,3.227,0.15,2.933,1.76,0.165,1.325,0.165,0.662,1.173
TINGUÁ,MONTEVIDEO,1,0.264,5.162,0.24,4.693,2.816,0.264,2.119,0.264,1.059,1.877
TINGUÁ,MONTEVIDEO,2,0.165,3.227,0.15,2.933,1.76,0.165,1.325,0.165,0.662,1.173
TINGUÁ,JACERUBA,1,0.165,3.227,0.15,2.933,1.76,0.165,1.325,0.165,0.662,1.173
MIGUEL COUTO,MIGUEL COUTO,1,0.795,15.539,0.723,14.132,8.479,0.795,6.379,0.795,3.19,5.653
MIGUEL COUTO,MIGUEL COUTO,2,0.706,13.813,0.642,12.562,7.537,0.706,5.67,0.706,2.835,5.025
MIGUEL COUTO,MIGUEL COUTO,3,0.618,12.068,0.562,10.991,6.595,0.618,4.962,0.618,2.481,4.397
MIGUEL COUTO,MIGUEL COUTO,4,0.53,10.38,0.482,9.421,5.853,0.53,4.253,0.53,2.126,3.768
MIGUEL COUTO,PARQUE AMBAÍ,1,0.402,7.687,0.366,7.162,4.297,0.402,3.229,0.402,1.615,2.865
MIGUEL COUTO,PARQUE AMBAÍ,2,0.358,6.993,0.326,6.386,3.82,0.358,2.87,0.358,1.435,2.547
MIGUEL COUTO,GRAMA,1,0.376,7.356,0.342,6.687,4.012,0.376,3.02,0.376,1.51,2.675
MIGUEL COUTO,GRAMA,2,0.277,5.42,0.252,4.927,2.956,0.277,2.225,0.277,1.112,1.971
MIGUEL COUTO,GRAMA,3,0.198,3.872,0.18,3.52,2.112,0.198,1.59,0.198,0.795,1.408
MIGUEL COUTO,BOA ESPERANÇA,1,0.349,6.828,0.318,6.213,3.728,0.349,2.803,0.349,1.401,2.485
MIGUEL COUTO,BOA ESPERANÇA,2,0.31,6.07,0.282,5.522,3.313,0.31,2.491,0.31,1.246,2.209
MIGUEL COUTO,GENECIANO,1,0.264,5.162,0.24,4.693,2.816,0.264,2.119,0.264,1.059,1.877
MIGUEL COUTO,GENECIANO,2,0.198,3.872,0.18,3.52,2.112,0.198,1.589,0.198,0.794,1.408
MIGUEL COUTO,GENECIANO,3,0.165,3.227,0.15,2.933,1.76,0.165,1.325,0.165,0.662,1.173
VILA DE CAVA,VILA DE CAVA,1,0.683,13.357,0.621,12.143,7.286,0.683,5.483,0.683,2.741,4.857
VILA DE CAVA,VILA DE CAVA,2,0.607,11.873,0.552,10.794,6.476,0.607,4.874,0.607,2.437,4.317
VILA DE CAVA,VILA DE CAVA,3,0.531,10.389,0.483,9.444,5.667,0.531,4.264,0.531,2.132,3.778
VILA DE CAVA,VILA DE CAVA,4,0.38,7.421,0.345,6.748,4.048,0.38,3.046,0.38,1.523,2.698
VILA DE CAVA,SANTA RITA,1,0.601,11.758,0.547,10.7,6.42,0.601,4.826,0.601,2.413,4.28
VILA DE CAVA,SANTA RITA,2,0.468,9.143,0.426,8.322,4.993,0.468,3.753,0.468,1.877,3.329
VILA DE CAVA,SANTA RITA,3,0.334,6.531,0.304,5.945,3.567,0.334,2.681,0.334,1.341,2.378
VILA DE CAVA,CORUMBA,1,0.364,7.118,0.331,6.476,3.888,0.364,2.922,0.364,1.461,2.59
VILA DE CAVA,CORUMBA,2,0.319,6.228,0.29,5.587,3.4,0.319,2.556,0.319,1.278,2.267
VILA DE CAVA,CORUMBA,3,0.228,4.449,0.207,4.048,2.429,0.228,1.826,0.228,0.913,1.619
VILA DE CAVA,RANCHO FUNDO,1,0.415,8.118,0.378,7.393,4.436,0.415,3.333,0.415,1.666,2.957
VILA DE CAVA,RANCHO FUNDO,2,0.306,5.982,0.279,5.447,3.268,0.306,2.456,0.306,1.228,2.179
VILA DE CAVA,RANCHO FUNDO,3,0.219,4.273,0.199,3.891,2.335,0.219,1.754,0.219,0.877,1.556
VILA DE CAVA,FIGUEIRAS,1,0.253,4.939,0.23,4.493,2.696,0.253,2.027,0.253,1.014,1.797
VILA DE CAVA,FIGUEIRAS,2,0.211,4.118,0.192,3.745,2.247,0.211,1.69,0.211,0.845,1.498
VILA DE CAVA,IGUAÇU VELHO,1,0.231,4.517,0.21,4.106,2.464,0.231,1.854,0.231,0.927,1.642
VILA DE CAVA,IGUAÇU VELHO,2,0.198,3.872,0.18,3.52,2.112,0.198,1.589,0.198,0.794,1.408
VILA DE CAVA,IGUAÇU VELHO,3,0.165,3.227,0.15,2.933,1.76,0.165,1.325,0.165,0.662,1.173
AUSTIN,AUSTIN,1,0.654,12.781,0.594,11.623,6.974,0.654,5.246,0.654,2.623,4.649
AUSTIN,AUSTIN,2,0.572,11.183,0.52,10.17,6.102,0.572,4.591,0.572,2.295,4.068
AUSTIN,AUSTIN,3,0.49,9.588,0.446,8.717,5.23,0.49,3.935,0.49,1.967,3.487
AUSTIN,AUSTIN,4,0.409,7.988,0.372,7.265,4.359,0.409,3.279,0.409,1.64,2.906
AUSTIN,RIACHÃO,1,0.422,8.259,0.384,7.509,4.505,0.422,3.39,0.422,1.695,3.004
AUSTIN,RIACHÃO,2,0.37,7.227,0.336,6.57,3.942,0.37,2.967,0.37,1.483,2.626
AUSTIN,RIACHÃO,3,0.317,6.194,0.288,5.632,3.379,0.317,2.543,0.317,1.271,2.253
AUSTIN,CACUIA,1,0.356,6.953,0.323,6.324,3.794,0.356,2.855,0.356,1.427,2.53
AUSTIN,CACUIA,2,0.254,4.967,0.231,4.517,2.71,0.254,2.039,0.254,0.02,1.807
AUSTIN,RODILÂNDIA,1,0.335,6.558,0.305,5.954,3.573,0.335,2.692,0.335,1.345,2.382
AUSTIN,RODILÂNDIA,2,0.287,5.62,0.261,5.104,3.062,0.287,2.307,0.287,1.153,2.041
AUSTIN,RODILÂNDIA,3,0.24,4.683,0.218,4.253,2.552,0.24,1.923,0.24,0.961,1.701
AUSTIN,RODILÂNDIA,4,0.216,4.215,0.196,3.828,2.297,0.216,1.73,0.216,0.865,1.531
AUSTIN,INCONFIDÊNCIA,1,0.274,5.382,0.25,4.88,2.928,0.274,2.201,0.274,1.1,1.952
AUSTIN,INCONFIDÊNCIA,2,0.183,3.574,0.166,3.254,1.952,0.183,1.467,0.183,0.734,1.301
AUSTIN,CARLOS SAMPAIO,1,0.188,3.689,0.171,3.344,2.006,0.188,1.506,0.188,0.753,1.337
AUSTIN,CARLOS SAMPAIO,2,0.167,3.262,0.152,2.972,1.783,0.167,1.339,0.167,0.67,1.189
AUSTIN,CARLOS SAMPAIO,3,0.146,2.854,0.133,2.601,1.56,0.146,1.171,0.146,0.586,1.04
AUSTIN,VILA GUIMARÃES,1,0.281,5.489,0.256,4.998,2.998,0.281,2.253,0.281,1.128,1.998
AUSTIN,VILA GUIMARÃES,2,0.201,3.921,0.183,3.569,2.141,0.201,1.61,0.201,0.805,1.427
AUSTIN,VILA GUIMARÃES,3,0.16,3.136,0.146,2.855,1.713,0.16,1.288,0.16,0.644,1.142
AUSTIN,TINGUAZINHO,1,0.264,5.162,0.24,4.693,2.816,0.264,2.119,0.264,1.059,1.877
AUSTIN,TINGUAZINHO,2,0.198,3.872,0.18,3.52,2.112,0.198,1.589,0.198,0.794,1.408
AUSTIN,TINGUAZINHO,3,0.165,3.227,0.15,2.933,1.76,0.165,1.325,0.165,0.682,1.173
KM 32,KM 32,1,0.526,10.28,0.478,9.349,5.809,0.526,4.22,0.526,2.11,3.739
KM 32,KM 32,2,0.451,8.811,0.41,8.013,4.808,0.451,3.617,0.451,1.808,3.205
KM 32,KM 32,3,0.376,7.343,0.342,6.678,4.007,0.376,3.014,0.376,1.507,2.671
KM 32,KM 32,4,0.3,5.874,0.273,5.342,3.205,0.3,2.411,0.3,1.206,2.137
KM 32,KM 32,5,0.225,4.408,0.205,4.007,2.404,0.225,1.808,0.225,0.904,1.603
KM 32,JARDIM GUANDU,1,0.231,4.517,0.21,4.106,2.484,0.231,1.854,0.231,0.927,1.642
KM 32,JARDIM GUANDU,2,0.198,3.872,0.18,3.52,2.112,0.198,1.589,0.198,0.794,1.408
KM 32,JARDIM GUANDU,3,0.165,3.227,0.15,2.933,1.76,0.165,1.325,0.165,0.682,1.173
KM 32,PARAÍSO,1,0.33,6.453,0.3,5.866,3.52,0.33,2.649,0.33,1.324,2.346
KM 32,PARAÍSO,2,0.264,5.162,0.24,4.693,2.816,0.264,2.119,0.264,1.059,1.877
KM 32,PARAÍSO,3,0.231,4.517,0.21,4.106,2.484,0.231,1.854,0.231,0.927,1.642
KM 32,PARAÍSO,4,0.198,3.872,0.18,3.52,2.112,0.198,1.589,0.198,0.794,1.408
KM 32,PARAÍSO,5,0.165,3.227,0.15,2.933,1.76,0.165,1.325,0.165,0.662,1.173
KM 32,PARAÍSO,6,0.132,2.581,0.12,2.346,1.408,0.132,1.06,0.132,0.53,0.939
KM 32,PRADOS VERDE,1,0.165,3.227,0.15,2.933,1.76,0.165,1.325,0.165,0.662,1.173
KM 32,PRADOS VERDE,2,0.132,2.581,0.12,2.346,1.408,0.132,1.06,0.132,0.53,0.939
CABUÇU,CABUÇU,1,0.646,12.636,0.588,11.492,8.895,0.646,5.187,0.646,2.594,4.597
CABUÇU,CABUÇU,2,0.574,11.232,0.522,10.215,8.129,0.574,4.81,0.574,2.306,4.088
CABUÇU,CABUÇU,3,0.431,8.424,0.392,7.681,4.597,0.431,3.458,0.431,1.729,3.065
CABUÇU,CABUÇU,4,0.395,7.722,0.359,7.023,4.214,0.395,3.17,0.395,1.585,2.809
CABUÇU,CABUÇU,5,0.359,7.02,0.327,6.385,3.831,0.359,2.882,0.359,1.441,2.554
CABUÇU,VALVERDE,1,0.505,9.873,0.459,8.975,5.385,0.505,4.053,0.505,2.027,3.59
CABUÇU,VALVERDE,2,0.393,7.679,0.357,6.98,4.188,0.393,3.152,0.393,1.578,2.792
CABUÇU,VALVERDE,3,0.337,6.582,0.306,5.983,3.59,0.337,2.702,0.337,1.351,2.393
CABUÇU,PALHADA,1,0.416,8.134,0.378,7.399,4.44,0.416,3.339,0.416,1.67,2.96
CABUÇU,PALHADA,2,0.39,7.626,0.355,6.937,4.162,0.39,3.131,0.39,1.565,2.775
CABUÇU,PALHADA,3,0.312,6.101,0.284,5.549,3.33,0.312,2.504,0.312,1.252,2.22
CABUÇU,PALHADA,4,0.26,5.084,0.237,4.625,2.775,0.26,2.087,0.26,1.044,1.85
CABUÇU,MARAPICU,1,0.264,5.162,0.24,4.693,2.816,0.264,2.119,0.264,1.059,1.877
CABUÇU,MARAPICU,2,0.198,3.872,0.18,3.52,2.112,0.198,1.589,0.198,0.794,1.408
CABUÇU,MARAPICU,3,0.182,3.549,0.165,3.226,1.938,0.182,1.457,0.182,0.728,1.291
CABUÇU,MARAPICU,4,0.165,3.227,0.15,2.933,1.76,0.165,1.325,0.165,0.662,1.173
CABUÇU,IPIRANGA,1,0.231,4.517,0.21,4.106,2.464,0.231,1.854,0.231,0.927,1.842
CABUÇU,IPIRANGA,2,0.198,3.872,0.18,3.52,2.112,0.198,1.589,0.198,0.794,1.408
CABUÇU,IPIRANGA,3,0.182,3.549,0.165,3.226,1.938,0.182,1.457,0.182,0.728,1.291
CABUÇU,IPIRANGA,4,0.165,3.227,0.15,2.933,1.76,0.165,1.325,0.165,0.662,1.173
CABUÇU,LAGOINHA,1,0.231,4.517,0.21,4.106,2.484,0.231,1.854,0.231,0.927,1.642
CABUÇU,LAGOINHA,2,0.215,4.194,0.195,3.813,2.288,0.215,1.722,0.215,0.861,1.525
CABUÇU,LAGOINHA,3,0.165,3.227,0.15,2.933,1.78,0.165,1.325,0.165,0.662,1.173
CABUÇU,CAMPO ALEGRE,1,0.198,3.872,0.18,3.52,2.112,0.198,1.589,0.198,0.794,1.408
CABUÇU,CAMPO ALEGRE,2,0.165,3.227,0.15,2.933,1.76,0.165,1.325,0.165,0.662,1.173
COMENDADOR SOARES,COMENDADOR SOARES,1,1.102,21.548,1.002,19.593,11.758,1.102,8.846,1.102,4.423,7.837
COMENDADOR SOARES,COMENDADOR SOARES,2,0.937,18.318,0.852,16.654,9.992,0.937,7.519,0.937,3.78,6.682
COMENDADOR SOARES,COMENDADOR SOARES,3,0.882,17.238,0.802,15.674,9.405,0.882,7.077,0.882,3.538,6.27
COMENDADOR SOARES,COMENDADOR SOARES,4,0.771,15.084,0.701,13.715,8.229,0.771,6.192,0.771,3.098,5.486
COMENDADOR SOARES,JARDIM ALVORADA,1,0.992,19.397,0.902,17.638,10.583,0.992,7.963,0.992,3.981,7.055
COMENDADOR SOARES,JARDIM ALVORADA,2,0.893,17.457,0.812,15.874,9.525,0.893,7.167,0.893,3.583,6.35
COMENDADOR SOARES,JARDIM ALVORADA,3,0.794,15.518,0.722,14.11,8.466,0.794,6.37,0.794,3.185,5.644
COMENDADOR SOARES,JARDIM ALVORADA,4,0.744,14.548,0.877,13.229,7.937,0.744,5.972,0.744,2.988,5.291
COMENDADOR SOARES,JARDIM ALVORADA,5,0.694,13.578,0.631,12.347,7.408,0.694,5.574,0.694,2.787,4.939
COMENDADOR SOARES,JARDIM ALVORADA,6,0.595,11.638,0.541,10.583,6.35,0.595,4.778,0.595,2.389,4.233
COMENDADOR SOARES,DANON,1,0.77,15.047,0.899,13.674,8.204,0.77,6.177,0.77,3.088,5.469
COMENDADOR SOARES,DANON,2,0.684,13.375,0.622,12.154,7.293,0.684,5.49,0.684,2.745,4.862
COMENDADOR SOARES,ROSA DOS VENTOS,1,0.512,10.013,0.468,9.118,5.47,0.512,4.11,0.512,2.056,3.646
COMENDADOR SOARES,ROSA DOS VENTOS,2,0.455,8.901,0.414,8.103,4.862,0.455,3.654,0.455,1.827,3.241
COMENDADOR SOARES,ROSA DOS VENTOS,3,0.398,7.788,0.383,7.09,4.254,0.398,3.197,0.398,1.599,2.836
COMENDADOR SOARES,ROSA DOS VENTOS,4,0.341,6.676,0.311,6.077,3.646,0.341,2.74,0.341,1.37,2.431
COMENDADOR SOARES,JARDIM NOVA ERA,1,0.443,8.659,0.402,7.887,4.72,0.443,3.554,0.443,1.778,3.147
COMENDADOR SOARES,JARDIM NOVA ERA,2,0.394,7.597,0.358,6.993,4.196,0.394,3.159,0.394,1.58,2.797
COMENDADOR SOARES,JARDIM NOVA ERA,3,0.295,5.773,0.268,5.245,3.147,0.295,2.369,0.295,1.185,2.098
COMENDADOR SOARES,JARDIM PALMARES,1,0.428,8.305,0.389,7.602,4.561,0.428,3.432,0.428,1.715,3.041
COMENDADOR SOARES,JARDIM PALMARES,2,0.333,6.46,0.302,5.913,3.548,0.333,2.689,0.333,1.334,2.365
COMENDADOR SOARES,JARDIM PALMARES,3,0.285,5.537,0.259,5.068,3.041,0.285,2.288,0.285,1.144,2.027
COMENDADOR SOARES,JARDIM PALMARES,4,0.238,4.614,0.218,4.224,2.534,0.238,1.907,0.238,0.953,1.689
COMENDADOR SOARES,JARDIM PARNAMBUCO,1,0.427,8.342,0.388,7.585,4.551,0.427,3.425,0.427,1.712,3.034
COMENDADOR SOARES,JARDIM PARNAMBUCO,2,0.379,7.415,0.345,6.742,4.045,0.379,3.044,0.379,1.522,2.697
COMENDADOR SOARES,JARDIM PARNAMBUCO,3,0.284,5.581,0.259,5.057,3.034,0.284,2.283,0.284,1.141,2.023
COMENDADOR SOARES,OURO VERDE,1,0.448,8.721,0.405,7.919,4.751,0.448,3.58,0.448,1.79,3.168
COMENDADOR SOARES,OURO VERDE,2,0.379,7.413,0.344,6.731,4.039,0.379,3.043,0.379,1.522,2.692
COMENDADOR SOARES,OURO VERDE,3,0.357,6.977,0.324,6.335,3.801,0.357,2.864,0.357,1.432,2.534
COMENDADOR SOARES,OURO VERDE,4,0.335,6.541,0.304,5.939,3.564,0.335,2.685,0.335,1.343,2.376
COMENDADOR SOARES,OURO VERDE,5,0.312,6.105,0.284,5.543,3.326,0.312,2.506,0.312,1.253,2.217
COMENDADOR SOARES,OURO VERDE,6,0.29,5.669,0.263,5.147,3.088,0.29,2.327,0.29,1.184,2.059
COMENDADOR SOARES,OURO VERDE,7,0.268,5.233,0.243,4.751,2.851,0.268,2.148,0.268,1.074,1.901
POSSE,POSSE,1,1.106,21.627,1.005,19.652,11.791,1.106,8.878,1.106,4.439,7.861
POSSE,POSSE,2,0.94,18.383,0.854,16.704,10.023,0.94,7.546,0.94,3.773,6.682
POSSE,POSSE,3,0.83,16.22,0.754,14.739,8.843,0.83,6.659,0.83,3.329,5.896
POSSE,PONTO CHIC,1,1.023,20.004,0.93,18.185,10.911,1.023,8.211,1.023,4.106,7.274
POSSE,PONTO CHIC,2,0.818,16.003,0.744,14.548,8.729,0.818,6.569,0.818,3.285,5.819
POSSE,PONTO CHIC,3,0.767,15.003,0.698,13.639,8.183,0.767,6.158,0.767,3.08,5.456
POSSE,PONTO CHIC,4,0.716,14.003,0.651,12.73,7.638,0.716,5.748,0.716,2.874,5.092
POSSE,PONTO CHIC,5,0.614,12.002,0.558,10.911,6.547,0.614,4.927,0.614,2.464,4.364
POSSE,CERÂMICA,1,0.903,17.657,0.821,16.054,9.632,0.903,7.248,0.903,3.624,6.422
POSSE,CERÂMICA,2,0.813,15.891,0.739,14.449,8.869,0.813,6.523,0.813,3.262,5.779
POSSE,CERÂMICA,3,0.722,14.128,0.657,12.843,7.706,0.722,5.798,0.722,2.899,5.137
POSSE,CERÂMICA,4,0.677,13.243,0.616,12.041,7.224,0.677,5.438,0.677,2.718,4.816
POSSE,TRÊS CORAÇÕES,1,0.888,17.364,0.807,15.78,9.468,0.888,7.128,0.888,3.564,6.312
POSSE,TRÊS CORAÇÕES,2,0.755,14.759,0.686,13.413,8.048,0.755,6.059,0.755,3.029,5.365
POSSE,TRÊS CORAÇÕES,3,0.71,13.891,0.646,12.624,7.574,0.71,5.702,0.71,2.851,5.05
POSSE,TRÊS CORAÇÕES,4,0.666,13.023,0.605,11.835,7.101,0.666,5.346,0.666,2.672,4.734
POSSE,KENNEDY,1,0.71,13.883,0.645,12.612,7.567,0.71,5.699,0.71,2.85,5.045
POSSE,KENNEDY,2,0.604,11.801,0.548,10.72,6.432,0.604,4.844,0.604,2.423,4.288
POSSE,KENNEDY,3,0.568,11.106,0.516,10.09,6.054,0.568,4.559,0.568,2.28,4.038
POSSE,BOTAFOGO,1,0.609,11.914,0.554,10.823,6.494,0.609,4.891,0.609,2.445,4.329
POSSE,BOTAFOGO,2,0.542,10.59,0.492,9.621,5.772,0.542,4.347,0.542,2.174,3.848
POSSE,CARMARY,1,0.561,10.97,0.51,9.972,5.983,0.561,4.503,0.561,2.252,3.989
POSSE,CARMARY,2,0.528,10.325,0.48,9.388,5.631,0.528,4.238,0.528,2.119,3.754
POSSE,CARMARY,3,0.396,7.744,0.36,7.039,4.224,0.396,3.179,0.396,1.589,2.816
POSSE,NOVA AMÉRICA,1,0.558,10.92,0.507,9.923,5.954,0.558,4.483,0.558,2.241,3.989
POSSE,NOVA AMÉRICA,2,0.528,10.278,0.478,9.339,5.604,0.528,4.219,0.528,2.11,3.736
POSSE,NOVA AMÉRICA,3,0.394,7.708,0.358,7.004,4.203,0.394,3.164,0.394,1.582,2.802
POSSE,AMBAÍ,1,0.512,10.005,0.466,9.109,5.465,0.512,4.107,0.512,2.054,3.643
POSSE,AMBAÍ,2,0.482,9.417,0.438,8.573,5.144,0.482,3.866,0.482,1.933,3.429
POSSE,AMBAÍ,3,0.391,7.651,0.358,6.965,4.179,0.391,3.141,0.391,1.57,2.786
POSSE,AMBAÍ,4,0.361,7.063,0.329,6.43,3.858,0.361,2.899,0.361,1.45,2.572
POSSE,PARQUE FLORA,1,0.491,9.607,0.448,8.726,5.236,0.491,3.943,0.491,1.972,3.49
POSSE,PARQUE FLORA,2,0.462,9.042,0.42,8.213,4.928,0.462,3.711,0.462,1.856,3.285
POSSE,PARQUE FLORA,3,0.347,6.781,0.315,6.16,3.696,0.347,2.783,0.347,1.392,2.464
CENTRO,CENTRO,1,2,39.108,1.2,23.465,14.079,2,16.054,2,8.027,9.386
CENTRO,CENTRO,2,1.9,37.153,1.14,22.292,13.375,1.9,15.251,1.9,7.625,8.917
CENTRO,CENTRO,3,1.8,35.197,1.08,21.119,12.671,1.8,14.449,1.8,7.224,8.447
CENTRO,CENTRO,4,1.7,33.242,1.02,19.945,11.967,1.7,13.646,1.7,6.823,7.978
CENTRO,CENTRO,5,1.4,27.376,0.84,16.426,9.855,1.4,11.238,1.4,5.619,6.57
CENTRO,CAONZE,1,1.251,24.466,1.001,19.579,11.747,1.251,10.043,1.251,5.021,7.832
CENTRO,CAONZE,2,0.883,17.27,0.707,13.82,8.292,0.883,7.089,0.883,3.544,5.528
CENTRO,CALIFORNIA,1,1.435,28.06,1.148,22.448,13.489,1.435,11.518,1.435,5.759,8.979
CENTRO,CALIFORNIA,2,1.076,21.045,0.861,16.838,10.102,1.076,8.639,1.076,4.318,6.734
CENTRO,DA LUZ,1,1.2,23.489,0.961,18.782,11.269,1.2,9.634,1.2,4.816,7.513
CENTRO,DA LUZ,2,1.2,23.489,0.961,18.782,11.269,1.2,9.634,1.2,4.816,7.513
CENTRO,DA LUZ,3,1.2,23.489,0.961,18.782,11.269,1.2,9.634,1.2,4.816,7.513
CENTRO,DA LUZ,4,1.059,20.708,0.848,16.572,9.943,1.059,8.501,1.059,4.25,6.629
CENTRO,DA LUZ,5,0.988,19.327,0.791,15.467,9.28,0.988,7.934,0.988,3.965,6.187
CENTRO,DA LUZ,6,0.988,19.327,0.791,15.467,9.28,0.988,7.934,0.988,3.965,6.187
CENTRO,RANCHO NOVO,1,1.382,27.203,1.106,21.627,12.976,1.382,11.093,1.392,5.587,8.651
CENTRO,RANCHO NOVO,2,1.106,21.618,0.885,17.302,10.381,1.108,8.874,1.106,4.439,6.921
CENTRO,RANCHO NOVO,3,1.037,20.287,0.83,16.22,9.732,1.037,8.32,1.037,4.162,6.488
CENTRO,VILA NOVA,1,1.36,26.593,1.088,21.275,12.765,1.36,10.916,1.36,5.458,8.51
CENTRO,VILA NOVA,2,1.088,21.274,0.87,17.02,10.212,1.088,8.733,1.088,4.367,6.808
CENTRO,VILA NOVA,3,0.818,15.958,0.653,12.765,7.859,0.816,6.55,0.816,3.275,5.106
CENTRO,CHACRINHA,1,1.004,19.629,0.913,17.851,10.711,1.004,8.058,1.004,4.029,7.14
CENTRO,CHACRINHA,2,0.945,18.474,0.859,16.801,10.08,0.945,7.584,0.945,3.793,6.72
CENTRO,CHACRINHA,3,0.827,16.165,0.752,14.701,8.82,0.827,6.636,0.827,3.319,5.88
CENTRO,SANTA EUGÊNIA,1,0.993,19.413,0.903,17.851,10.591,0.993,7.969,0.993,3.985,7.06
CENTRO,SANTA EUGÊNIA,2,0.934,18.271,0.85,16.613,9.968,0.934,7.5,0.934,3.749,6.645
CENTRO,SANTA EUGÊNIA,3,0.876,17.129,0.797,15.575,9.345,0.878,7.031,0.878,3.524,6.23
CENTRO,MOQUETA,1,1.157,22.624,1.052,20.571,12.343,1.157,9.287,1.157,4.643,8.228
CENTRO,MOQUETA,2,0.926,18.099,0.842,18.457,9.874,0.926,7.43,0.926,3.716,6.583
CENTRO,MOQUETA,3,0.888,16.968,0.789,15.428,9.257,0.868,6.965,0.868,3.484,6.171
CENTRO,JARDIM TROPICAL,1,1.147,22.428,1.043,20.395,12.237,1.147,9.207,1.147,4.603,8.158
CENTRO,JARDIM TROPICAL,2,0.918,17.942,0.834,16.316,9.79,0.918,7.368,0.918,3.684,6.526
CENTRO,JARDIM TROPICAL,3,0.88,16.821,0.782,15.296,9.178,0.86,6.905,0.86,3.452,6.119
CENTRO,PRATA,1,1.115,21.803,1.014,19.828,11.897,1.115,8.95,1.115,4.475,7.931
CENTRO,PRATA,2,0.892,17.442,0.811,15.882,9.517,0.892,7.16,0.892,3.58,8.345
CENTRO,PRATA,3,0.838,16.352,0.781,14.871,8.923,0.836,6.713,0.836,3.355,5.948
CENTRO,JARDIM IGUAÇU,1,1.059,20.708,0.963,18.83,11.298,1.059,8.5,1.059,4.25,7.532
CENTRO,JARDIM IGUAÇU,2,0.847,16.588,0.77,15.064,9.038,0.847,6.8,0.847,3.399,6.028
CENTRO,ENGENHO PEQUENO,1,0.906,17.722,0.824,16.103,9.882,0.906,7.275,0.906,3.636,6.441
CENTRO,ENGENHO PEQUENO,2,0.755,14.768,0.686,13.419,8.051,0.755,6.062,0.755,3.03,5.368
CENTRO,VILA OPERÁRIA,1,0.835,16.322,0.759,14.843,8.906,0.835,6.7,0.835,3.351,5.937
CENTRO,VILA OPERÁRIA,2,0.737,14.402,0.87,13.097,7.858,0.737,5.912,0.737,2.958,5.239
CENTRO,VILA OPERÁRIA,3,0.638,12.481,0.58,11.35,6.81,0.638,5.123,0.638,2.561,4.54
CENTRO,VIGA,1,0.798,15.574,0.724,14.161,8.497,0.798,6.393,0.798,3.203,5.664
CENTRO,VIGA,2,0.703,13.742,0.639,12.495,7.497,0.703,5.641,0.703,2.821,4.998
