urg,bairro,acp_zf,acp_ivr,acp_cube,acpd_zf,acpd_cube
CENTRO,CENTRO,1,0.76,14.86085,1,7.430425
CENTRO,CENTRO,2,0.72,14.0787,2,7.03935
CENTRO,CENTRO,3,0.68,13.29655,3,6.648275
CENTRO,CENTRO,4,0.8,15.643,4,7.8215
CENTRO,CENTRO,5,0.56,10.9501,5,5.47505
CENTRO,CAONZE,1,0.785,15.35,1,7.675
CENTRO,CAONZE,2,0.5495,10.745,2,5.3725
CENTRO,CALIFORNIA,1,0.765,14.959,1,7.4795
CENTRO,CALIFORNIA,2,0.6885,13.4631,2,6.73155
CENTRO,DA LUZ,1,0.753,14.724,1,7.362
CENTRO,DA LUZ,2,0.71535,13.9878,2,6.9939
CENTRO,DA LUZ,3,0.71535,13.9878,3,6.9939
CENTRO,DA LUZ,4,0.71535,13.9878,4,6.9939
CENTRO,DA LUZ,5,0.6777,13.2516,5,6.6258
CENTRO,DA LUZ,6,0.64005,12.5154,6,6.2577
CENTRO,RANCHO NOVO,1,0.6633,12.9699,1,6.48495
CENTRO,RANCHO NOVO,2,0.5896,11.5288,2,5.7644
CENTRO,RANCHO NOVO,3,0.5896,11.5288,3,5.7644
CENTRO,VILA NOVA,1,0.6525,12.7593,1,6.37965
CENTRO,VILA NOVA,2,0.58,11.3416,2,5.6708
CENTRO,VILA NOVA,3,0.5075,9.9239,3,4.96195
CENTRO,CHACRINHA,1,0.6802,13.30095,1,6.650475
CENTRO,CHACRINHA,2,0.6444,12.6009,2,6.30045
CENTRO,CHACRINHA,3,0.5728,11.2008,3,5.6004
CENTRO,SANTA EUGÊNIA,1,0.6372,12.4596,1,6.2298
CENTRO,SANTA EUGÊNIA,2,0.5664,11.0752,2,5.5376
CENTRO,SANTA EUGÊNIA,3,0.4956,9.6908,3,4.8454
CENTRO,MOQUETA,1,0.6309,12.3363,1,6.16815
CENTRO,MOQUETA,2,0.5608,10.9656,2,5.4828
CENTRO,MOQUETA,3,0.4907,9.5949,3,4.79745
CENTRO,JARDIM TROPICAL,1,0.6255,12.231,1,6.1155
CENTRO,JARDIM TROPICAL,2,0.556,10.872,2,5.436
CENTRO,JARDIM TROPICAL,3,0.4865,9.513,3,4.7565
CENTRO,PRATA,1,0.6084,11.8962,1,5.9481
CENTRO,PRATA,2,0.5408,10.5744,2,5.2872
CENTRO,PRATA,3,0.4732,9.2526,3,4.6263
CENTRO,JARDIM IGUAÇU,1,0.5778,11.2986,1,5.6493
CENTRO,JARDIM IGUAÇU,2,0.5136,10.0432,2,5.0216
CENTRO,ENGENHO PEQUENO,1,0.549,10.7352,1,5.3676
CENTRO,ENGENHO PEQUENO,2,0.488,9.5424,2,4.7712
CENTRO,VILA OPERÁRIA,1,0.5355,10.4715,1,5.23575
CENTRO,VILA OPERÁRIA,2,0.4165,8.1445,2,4.07225
CENTRO,VILA OPERÁRIA,3,0.357,6.981,3,3.4905
CENTRO,VIGA,1,0.5112,9.9963,1,4.99815
CENTRO,VIGA,2,0.4544,8.8856,2,4.4428
POSSE,POSSE,1,0.603,11.7909,1,5.89545
POSSE,POSSE,2,0.536,10.4808,2,5.2404
POSSE,POSSE,3,0.469,9.1707,3,4.58535
POSSE,PONTO CHIC,1,0.558,10.9107,1,5.45535
POSSE,PONTO CHIC,2,0.496,9.6984,2,4.8492
POSSE,PONTO CHIC,3,0.434,8.4861,3,4.24305
POSSE,PONTO CHIC,4,0.372,7.2738,4,3.6369
POSSE,PONTO CHIC,5,0.372,7.2738,5,3.6369
POSSE,CERÂMICA,1,0.4923,9.6264,1,4.8132
POSSE,CERÂMICA,2,0.4384,8.5568,2,4.2784
POSSE,CERÂMICA,3,0.3843,7.4872,3,3.7436
POSSE,CERÂMICA,4,0.22,4.2784,4,2.1392
POSSE,TRÊS CORAÇÕES,1,0.4842,9.468,1,4.734
POSSE,TRÊS CORAÇÕES,2,0.4304,8.416,2,4.208
POSSE,TRÊS CORAÇÕES,3,0.3766,7.364,3,3.682
POSSE,TRÊS CORAÇÕES,4,0.3228,6.312,4,3.156
POSSE,KENNEDY,1,0.387,7.5672,1,3.7836
POSSE,KENNEDY,2,0.344,6.7264,2,3.3632
POSSE,KENNEDY,3,0.301,5.8856,3,2.9428
POSSE,BOTAFOGO,1,0.369,7.2153,1,3.60765
POSSE,BOTAFOGO,2,0.287,5.6119,2,2.80595
POSSE,CARMARY,1,0.36,7.0398,1,3.5199
POSSE,CARMARY,2,0.32,6.2576,2,3.1288
POSSE,CARMARY,3,0.28,5.4754,3,2.7377
POSSE,NOVA AMÉRICA,1,0.2388,4.6692,1,2.3346
POSSE,NOVA AMÉRICA,2,0.199,3.891,2,1.9455
POSSE,NOVA AMÉRICA,3,0.1592,3.1128,3,1.5564
POSSE,AMBAÍ,1,0.292,5.7096,1,2.8548
POSSE,AMBAÍ,2,0.1825,3.5685,2,1.78425
POSSE,AMBAÍ,3,0.146,2.8548,3,1.4274
POSSE,AMBAÍ,4,0.1095,2.1411,4,1.07055
POSSE,PARQUE FLORA,1,0.28,5.4752,1,2.7376
POSSE,PARQUE FLORA,2,0.2625,5.133,2,2.5665
POSSE,PARQUE FLORA,3,0.21,4.1064,3,2.0532
COMENDADOR SOARES,COMENDADOR SOARES,1,0.6012,11.7558,1,5.8779
COMENDADOR SOARES,COMENDADOR SOARES,2,0.5344,10.4496,2,5.2248
COMENDADOR SOARES,COMENDADOR SOARES,3,0.4676,9.1434,3,4.5717
COMENDADOR SOARES,COMENDADOR SOARES,4,0.4008,7.8372,4,3.9186
COMENDADOR SOARES,JARDIM ALVORADA,1,0.4808,9.4016,1,4.7008
COMENDADOR SOARES,JARDIM ALVORADA,2,0.4207,8.2264,2,4.1132
COMENDADOR SOARES,JARDIM ALVORADA,3,0.3606,7.0512,3,3.5256
COMENDADOR SOARES,JARDIM ALVORADA,4,0.3005,5.876,4,2.938
COMENDADOR SOARES,JARDIM ALVORADA,5,0.3005,5.876,5,2.938
COMENDADOR SOARES,JARDIM ALVORADA,6,0.3005,5.876,6,2.938
COMENDADOR SOARES,DANON,1,0.4144,8.1032,1,4.0516
COMENDADOR SOARES,DANON,2,0.3626,7.0903,2,3.54515
COMENDADOR SOARES,ROSA DOS VENTOS,1,0.276,5.3968,1,2.6984
COMENDADOR SOARES,ROSA DOS VENTOS,2,0.2415,4.7222,2,2.3611
COMENDADOR SOARES,ROSA DOS VENTOS,3,0.207,4.0476,3,2.0238
COMENDADOR SOARES,ROSA DOS VENTOS,4,0.1725,3.373,4,1.6865
COMENDADOR SOARES,JARDIM NOVA ERA,1,0.1788,3.4962,1,1.7481
COMENDADOR SOARES,JARDIM NOVA ERA,2,0.149,2.9135,2,1.45675
COMENDADOR SOARES,JARDIM NOVA ERA,3,0.1192,2.3308,3,1.1654
COMENDADOR SOARES,JARDIM PALMARES,1,0.2016,3.9424,1,1.9712
COMENDADOR SOARES,JARDIM PALMARES,2,0.1728,3.3792,2,1.6896
COMENDADOR SOARES,JARDIM PALMARES,3,0.144,2.816,3,1.408
COMENDADOR SOARES,JARDIM PALMARES,4,0.1152,2.2528,4,1.1264
COMENDADOR SOARES,JARDIM PARNAMBUCO,1,0.2009,3.9284,1,1.9642
COMENDADOR SOARES,JARDIM PARNAMBUCO,2,0.1722,3.3672,2,1.6836
COMENDADOR SOARES,JARDIM PARNAMBUCO,3,0.1148,2.2448,3,1.1224
COMENDADOR SOARES,OURO VERDE,1,0.189,3.696,1,1.848
COMENDADOR SOARES,OURO VERDE,2,0.162,3.168,2,1.584
COMENDADOR SOARES,OURO VERDE,3,0.135,2.64,3,1.32
COMENDADOR SOARES,OURO VERDE,4,0.108,2.112,4,1.056
COMENDADOR SOARES,OURO VERDE,5,0.108,2.112,5,1.056
COMENDADOR SOARES,OURO VERDE,6,0.108,2.112,6,1.056
COMENDADOR SOARES,OURO VERDE,7,0.108,2.112,7,1.056
CABUÇU,CABUÇU,1,0.261,5.1036,1,2.5518
CABUÇU,CABUÇU,2,0.2175,4.253,2,2.1265
CABUÇU,CABUÇU,3,0.174,3.4024,3,1.7012
CABUÇU,CABUÇU,4,0.087,1.7012,4,0.8506
CABUÇU,CABUÇU,5,0.087,1.7012,5,0.8506
CABUÇU,VALVERDE,1,0.238,4.6536,1,2.3268
CABUÇU,VALVERDE,2,0.204,3.9888,2,1.9944
CABUÇU,VALVERDE,3,0.17,3.324,3,1.662
CABUÇU,PALHADA,1,0.189,3.6954,1,1.8477
CABUÇU,PALHADA,2,0.1575,3.0795,2,1.53975
CABUÇU,PALHADA,3,0.126,2.4636,3,1.2318
CABUÇU,PALHADA,4,0.0945,1.8477,4,0.92385
CABUÇU,MARAPICU,1,0.1,1.9555,1,0.97775
CABUÇU,MARAPICU,2,0.08,1.5644,2,0.7822
CABUÇU,MARAPICU,3,0.08,1.5644,3,0.7822
CABUÇU,MARAPICU,4,0.06,1.1733,4,0.58665
CABUÇU,IPIRANGA,1,0.1,1.9555,1,0.97775
CABUÇU,IPIRANGA,2,0.08,1.5644,2,0.7822
CABUÇU,IPIRANGA,3,0.07,1.36885,3,0.684425
CABUÇU,IPIRANGA,4,0.06,1.1733,4,0.58665
CABUÇU,LAGOINHA,1,0.1,1.9555,1,0.97775
CABUÇU,LAGOINHA,2,0.08,1.5644,2,0.7822
CABUÇU,LAGOINHA,3,0.06,1.1733,3,0.58665
CABUÇU,CAMPO ALEGRE,1,0.08,1.5644,1,0.7822
CABUÇU,CAMPO ALEGRE,2,0.06,1.1733,2,0.58665
KM 32,KM 32,1,0.2275,4.4485,1,2.22425
KM 32,KM 32,2,0.182,3.5588,2,1.7794
KM 32,KM 32,3,0.1365,2.6691,3,1.33455
KM 32,KM 32,4,0.1365,2.6691,4,1.33455
KM 32,KM 32,5,0.091,1.7794,5,0.8897
KM 32,JARDIM GUANDU,1,0.14,2.7377,1,1.36885
KM 32,JARDIM GUANDU,2,0.1,1.9555,2,0.97775
KM 32,JARDIM GUANDU,3,0.08,1.5644,3,0.7822
KM 32,PARAÍSO,1,0.2,3.911,1,1.9555
KM 32,PARAÍSO,2,0.12,2.3466,2,1.1733
KM 32,PARAÍSO,3,0.1,1.9555,3,0.97775
KM 32,PARAÍSO,4,0.08,1.5644,4,0.7822
KM 32,PARAÍSO,5,0.06,1.1733,5,0.58665
KM 32,PARAÍSO,6,0.04,0.7822,6,0.3911
KM 32,PRADOS VERDE,1,0.1,1.9555,1,0.97775
KM 32,PRADOS VERDE,2,0.04,0.7822,2,0.3911
AUSTIN,AUSTIN,1,0.297,5.8074,1,2.9037
AUSTIN,AUSTIN,2,0.2475,4.8395,2,2.41975
AUSTIN,AUSTIN,3,0.198,3.8716,3,1.9358
AUSTIN,AUSTIN,4,0.198,3.8716,4,1.9358
AUSTIN,RIACHÃO,1,0.16,3.1285,1,1.56425
AUSTIN,RIACHÃO,2,0.128,2.5028,2,1.2514
AUSTIN,RIACHÃO,3,0.096,1.8771,3,0.93855
AUSTIN,CACUIA,1,0.154,3.0115,1,1.50575
AUSTIN,CACUIA,2,0.1232,2.4092,2,1.2046
AUSTIN,RODILÂNDIA,1,0.145,2.8355,1,1.41775
AUSTIN,RODILÂNDIA,2,0.116,2.2684,2,1.1342
AUSTIN,RODILÂNDIA,3,0.087,1.7013,3,0.85065
AUSTIN,RODILÂNDIA,4,0.0725,1.41775,4,0.708875
AUSTIN,INCONFIDÊNCIA,1,0.1385,2.708,1,1.354
AUSTIN,INCONFIDÊNCIA,2,0.0831,1.6248,2,0.8124
AUSTIN,CARLOS SAMPAIO,1,0.11385,2.22615,1,1.113075
AUSTIN,CARLOS SAMPAIO,2,0.1012,1.9788,2,0.9894
AUSTIN,CARLOS SAMPAIO,3,0.0759,1.4841,3,0.74205
AUSTIN,VILA GUIMARÃES,1,0.1215,2.376,1,1.188
AUSTIN,VILA GUIMARÃES,2,0.0972,1.9008,2,0.9504
AUSTIN,VILA GUIMARÃES,3,0.0729,1.4256,3,0.7128
AUSTIN,TINGUAZINHO,1,0.1,1.9555,1,0.97775
AUSTIN,TINGUAZINHO,2,0.08,1.5644,2,0.7822
AUSTIN,TINGUAZINHO,3,0.06,1.1733,3,0.58665
VILA DE CAVA,VILA DE CAVA,1,0.276,5.397,1,2.6985
VILA DE CAVA,VILA DE CAVA,2,0.23,4.4975,2,2.24875
VILA DE CAVA,VILA DE CAVA,3,0.184,3.598,3,1.799
VILA DE CAVA,VILA DE CAVA,4,0.138,2.6985,4,1.34925
VILA DE CAVA,SANTA RITA,1,0.243,4.7514,1,2.3757
VILA DE CAVA,SANTA RITA,2,0.2025,3.9595,2,1.97975
VILA DE CAVA,SANTA RITA,3,0.162,3.1676,3,1.5838
VILA DE CAVA,CORUMBA,1,0.1656,3.2382,1,1.6191
VILA DE CAVA,CORUMBA,2,0.138,2.6985,2,1.34925
VILA DE CAVA,CORUMBA,3,0.1104,2.1588,3,1.0794
VILA DE CAVA,RANCHO FUNDO,1,0.159,3.1092,1,1.5546
VILA DE CAVA,RANCHO FUNDO,2,0.1325,2.591,2,1.2955
VILA DE CAVA,RANCHO FUNDO,3,0.106,2.0728,3,1.0364
VILA DE CAVA,FIGUEIRAS,1,0.153,2.9916,1,1.4958
VILA DE CAVA,FIGUEIRAS,2,0.102,1.9944,2,0.9972
VILA DE CAVA,IGUAÇU VELHO,1,0.12,2.3466,1,1.1733
VILA DE CAVA,IGUAÇU VELHO,2,0.1,1.9555,2,0.97775
VILA DE CAVA,IGUAÇU VELHO,3,0.08,1.5644,3,0.7822
MIGUEL COUTO,MIGUEL COUTO,1,0.3745,7.3227,1,3.66135
MIGUEL COUTO,MIGUEL COUTO,2,0.321,6.2766,2,3.1383
MIGUEL COUTO,MIGUEL COUTO,3,0.2675,5.2305,3,2.61525
MIGUEL COUTO,MIGUEL COUTO,4,0.214,4.1844,4,2.0922
MIGUEL COUTO,PARQUE AMBAÍ,1,0.1897,3.7093,1,1.85465
MIGUEL COUTO,PARQUE AMBAÍ,2,0.1355,2.6495,2,1.32475
MIGUEL COUTO,GRAMA,1,0.12,2.3465,1,1.17325
MIGUEL COUTO,GRAMA,2,0.096,1.8772,2,0.9386
MIGUEL COUTO,GRAMA,3,0.072,1.4079,3,0.70395
MIGUEL COUTO,BOA ESPERANÇA,1,0.1645,3.2165,1,1.60825
MIGUEL COUTO,BOA ESPERANÇA,2,0.141,2.757,2,1.3785
MIGUEL COUTO,GENECIANO,1,0.1,1.9555,1,0.97775
MIGUEL COUTO,GENECIANO,2,0.08,1.5644,2,0.7822
MIGUEL COUTO,GENECIANO,3,0.06,1.1733,3,0.58665
TINGUÁ,TINGUÁ,1,0.1,1.9555,1,0.97775
TINGUÁ,TINGUÁ,2,0.08,1.5644,2,0.7822
TINGUÁ,TINGUÁ,3,0.06,1.1733,3,0.58665
TINGUÁ,ADRIANÓPOLIS,1,0.1,1.9555,1,0.97775
TINGUÁ,ADRIANÓPOLIS,2,0.08,1.5644,2,0.7822
TINGUÁ,ADRIANÓPOLIS,3,0.06,1.1733,3,0.58665
TINGUÁ,RIO D'OURO,1,0.06,1.1733,1,0.58665
TINGUÁ,MONTEVIDEO,1,0.1,1.9555,1,0.97775
TINGUÁ,MONTEVIDEO,2,0.06,1.1733,2,0.58665
TINGUÁ,JACERUBA,1,0.06,1.1733,1,0.58665
